v0.00, First working version which seems to work providing everything
      , workspace for boosted 
      , prepare datacards 
      , run limits 
      , save TGraphs and pdf plots for limits 
      , run pull and save pull in any mode 
      , run impact and save impact plot 
      , save TFs 
      , save yield ratio 
      , save pre-fit/post-fit comparison with data 
v0.01, This version has the working setup for the resolved analysis
       , the setup is realy upto plotting the limits, 
       , the fitdiagnostics etc are not done yet 
       , it work for individual case, combined analysis is not yet setup 
v1.00, This is a major change, as the naming changed in the workspace creator. 
       , The data cards for merged and resolved analysis can now be combined.
       , Next is to add all kind of plots properly and add errors to them and debug the ele and mu pulls. 