version number, explanation/change log 
V0,this is the zeroth version of the running of macro
V0,this is the zeroth version of the running of macro
V0,this is the zeroth version of the running of macro
V2,running the merged and resolved analysis for 29 May meeting
V2,running the merged and resolved analysis for 29 May meeting
V2,running the merged and resolved analysis for 29 May meeting
V2,running the merged and resolved analysis for 29 May meeting
V2,running the merged and resolved analysis for 29 May meeting
V2,running the merged and resolved analysis for 29 May meeting
V2,running the merged and resolved analysis for 29 May meeting
V2,running the merged and resolved analysis for 29 May meeting
V2,running the merged and resolved analysis for 29 May meeting
V2,running the merged and resolved analysis for 29 May meeting
V2,running the merged and resolved analysis for 29 May meeting
V2,running the merged and resolved analysis for 29 May meeting
V2,running the merged and resolved analysis for 29 May meeting
V2,running the merged and resolved analysis for 29 May meeting
V2,running the merged and resolved analysis for 29 May meeting
V2,running the merged and resolved analysis for 29 May meeting
V2,running the merged and resolved analysis for 29 May meeting
V2,running the merged and resolved analysis for 29 May meeting
V2,running the merged and resolved analysis for 29 May meeting
V2,running the merged and resolved analysis for 29 May meeting
V2,running the merged and resolved analysis for 29 May meeting
V2,running the merged and resolved analysis for 29 May meeting
V2,running the merged and resolved analysis for 29 May meeting
V2,running the merged and resolved analysis for 29 May meeting
V2,running the merged and resolved analysis for 29 May meeting
V2,running the merged and resolved analysis for 29 May meeting
V2,running the merged and resolved analysis for 29 May meeting
V2,running the merged and resolved analysis for 29 May meeting
V2,running the merged and resolved analysis for 29 May meeting
V2,running the merged and resolved analysis for 29 May meeting
V2,running the merged and resolved analysis for 29 May meeting
V2,running the merged and resolved analysis for 29 May meeting
V2,running the merged and resolved analysis for 29 May meeting
V2,running the merged and resolved analysis for 29 May meeting
V2,running the merged and resolved analysis for 29 May meeting
V2,running the merged and resolved analysis for 29 May meeting
V2,running the merged and resolved analysis for 29 May meeting
V2,running the merged and resolved analysis for 29 May meeting
V2,running the merged and resolved analysis for 29 May meeting
V2,running the merged and resolved analysis for 29 May meeting
V2,running the merged and resolved analysis for 29 May meeting
V2,running the merged and resolved analysis for 29 May meeting
V2,running the merged and resolved analysis for 29 May meeting
V2,running the merged and resolved analysis for 29 May meeting
V2,running the merged and resolved analysis for 29 May meeting
V2,running the merged and resolved analysis for 29 May meeting
V2,running the merged and resolved analysis for 29 May meeting
V2,running the merged and resolved analysis for 29 May meeting
V2,running the merged and resolved analysis for 29 May meeting
V2,running the merged and resolved analysis for 29 May meeting
V2,running the merged and resolved analysis for 29 May meeting
V2,running the merged and resolved analysis for 29 May meeting
V2,running the merged and resolved analysis for 29 May meeting
V2,running the merged and resolved analysis for 29 May meeting
V2,running the merged and resolved analysis for 29 May meeting
V2,running the merged and resolved analysis for 29 May meeting
V2,running the merged and resolved analysis for 29 May meeting
V2,running the merged and resolved analysis for 29 May meeting
V2,running the merged and resolved analysis for 29 May meeting
V2,running the merged and resolved analysis for 29 May meeting
V2,running the merged and resolved analysis for 29 May meeting
V2,running the merged and resolved analysis for 29 May meeting
V2,running the merged and resolved analysis for 29 May meeting
V2,running the merged and resolved analysis for 29 May meeting
V2,running the merged and resolved analysis for 29 May meeting
V2,running the merged and resolved analysis for 29 May meeting
V2,running the merged and resolved analysis for 29 May meeting
V2,running the merged and resolved analysis for 29 May meeting
V2,running the merged and resolved analysis for 29 May meeting
V2,running the merged and resolved analysis for 29 May meeting
V2,running the merged and resolved analysis for 29 May meeting
V2,running the merged and resolved analysis for 29 May meeting
V2,running the merged and resolved analysis for 29 May meeting
V2,running the merged and resolved analysis for 29 May meeting
V2,running the merged and resolved analysis for 29 May meeting
V2,running the merged and resolved analysis for 29 May meeting
V2,running the merged and resolved analysis for 29 May meeting
V2,running the merged and resolved analysis for 29 May meeting
V2,running the merged and resolved analysis for 29 May meeting
V2,running the merged and resolved analysis for 29 May meeting
V2,running the merged and resolved analysis for 29 May meeting
V2,running the merged and resolved analysis for 29 May meeting
V2,running the merged and resolved analysis for 29 May meeting
V2,running the merged and resolved analysis for 29 May meeting
V2,running the merged and resolved analysis for 29 May meeting
V2,running the merged and resolved analysis for 29 May meeting
V2,running the merged and resolved analysis for 29 May meeting
V2,running the merged and resolved analysis for 29 May meeting
V2,running the merged and resolved analysis for 29 May meeting
V2,running the merged and resolved analysis for 29 May meeting
V2,running the merged and resolved analysis for 29 May meeting
V2,running the merged and resolved analysis for 29 May meeting
V2,running the merged and resolved analysis for 29 May meeting
V2,running the merged and resolved analysis for 29 May meeting
V2,running the merged and resolved analysis for 29 May meeting
V2,running the merged and resolved analysis for 29 May meeting
V2,running the merged and resolved analysis for 29 May meeting
V2,running the merged and resolved analysis for 29 May meeting
V2,running the merged and resolved analysis for 29 May meeting
V2,running the merged and resolved analysis for 29 May meeting
V2,running the merged and resolved analysis for 29 May meeting
V2,running the merged and resolved analysis for 29 May meeting
